{
    "name": "root",
    "gauges": {
        "DroneDelivery.Policy.Entropy.mean": {
            "value": 3.2227578163146973,
            "min": 3.2227578163146973,
            "max": 3.2951817512512207,
            "count": 6
        },
        "DroneDelivery.Policy.Entropy.sum": {
            "value": 32176.013671875,
            "min": 32176.013671875,
            "max": 33320.87890625,
            "count": 6
        },
        "DroneDelivery.Step.mean": {
            "value": 59904.0,
            "min": 9984.0,
            "max": 59904.0,
            "count": 6
        },
        "DroneDelivery.Step.sum": {
            "value": 59904.0,
            "min": 9984.0,
            "max": 59904.0,
            "count": 6
        },
        "DroneDelivery.Policy.ExtrinsicValueEstimate.mean": {
            "value": -0.21278350055217743,
            "min": -0.21278350055217743,
            "max": 0.21643342077732086,
            "count": 6
        },
        "DroneDelivery.Policy.ExtrinsicValueEstimate.sum": {
            "value": -16.59711265563965,
            "min": -16.59711265563965,
            "max": 16.881807327270508,
            "count": 6
        },
        "DroneDelivery.IsTraining.mean": {
            "value": 1.0,
            "min": 1.0,
            "max": 1.0,
            "count": 6
        },
        "DroneDelivery.IsTraining.sum": {
            "value": 1.0,
            "min": 1.0,
            "max": 1.0,
            "count": 6
        },
        "DroneDelivery.Losses.PolicyLoss.mean": {
            "value": 0.024500665836967528,
            "min": 0.020571550486298898,
            "max": 0.026637285330798476,
            "count": 5
        },
        "DroneDelivery.Losses.PolicyLoss.sum": {
            "value": 0.024500665836967528,
            "min": 0.020571550486298898,
            "max": 0.026637285330798476,
            "count": 5
        },
        "DroneDelivery.Losses.ValueLoss.mean": {
            "value": 0.0014068863994907588,
            "min": 0.0014068863994907588,
            "max": 0.053244011585290234,
            "count": 5
        },
        "DroneDelivery.Losses.ValueLoss.sum": {
            "value": 0.0014068863994907588,
            "min": 0.0014068863994907588,
            "max": 0.053244011585290234,
            "count": 5
        },
        "DroneDelivery.Policy.LearningRate.mean": {
            "value": 0.000268896010368,
            "min": 0.000268896010368,
            "max": 0.0002937792020736,
            "count": 5
        },
        "DroneDelivery.Policy.LearningRate.sum": {
            "value": 0.000268896010368,
            "min": 0.000268896010368,
            "max": 0.0002937792020736,
            "count": 5
        },
        "DroneDelivery.Policy.Epsilon.mean": {
            "value": 0.18963199999999994,
            "min": 0.18963199999999994,
            "max": 0.1979264,
            "count": 5
        },
        "DroneDelivery.Policy.Epsilon.sum": {
            "value": 0.18963199999999994,
            "min": 0.18963199999999994,
            "max": 0.1979264,
            "count": 5
        },
        "DroneDelivery.Policy.Beta.mean": {
            "value": 0.00044919679999999985,
            "min": 0.00044919679999999985,
            "max": 0.0004898393600000002,
            "count": 5
        },
        "DroneDelivery.Policy.Beta.sum": {
            "value": 0.00044919679999999985,
            "min": 0.00044919679999999985,
            "max": 0.0004898393600000002,
            "count": 5
        }
    },
    "metadata": {
        "timer_format_version": "0.1.0",
        "start_time_seconds": "1763995942",
        "python_version": "3.10.12 | packaged by Anaconda, Inc. | (main, Jul  5 2023, 19:01:18) [MSC v.1916 64 bit (AMD64)]",
        "command_line_arguments": "C:\\anaconda\\envs\\mlagents\\Scripts\\mlagents-learn hyperpams.yaml --run-id=DroneDeliveryRun",
        "mlagents_version": "1.1.0",
        "mlagents_envs_version": "1.1.0",
        "communication_protocol_version": "1.5.0",
        "pytorch_version": "2.9.1+cpu",
        "numpy_version": "1.23.5",
        "end_time_seconds": "1763997090"
    },
    "total": 1148.764913,
    "count": 1,
    "self": 0.015657800000099087,
    "children": {
        "run_training.setup": {
            "total": 0.0894376999999622,
            "count": 1,
            "self": 0.0894376999999622
        },
        "TrainerController.start_learning": {
            "total": 1148.6598175,
            "count": 1,
            "self": 2.912576500095838,
            "children": {
                "TrainerController._reset_env": {
                    "total": 10.278533600000173,
                    "count": 1,
                    "self": 10.278533600000173
                },
                "TrainerController.advance": {
                    "total": 1135.4033086999038,
                    "count": 63307,
                    "self": 2.724273599893877,
                    "children": {
                        "env_step": {
                            "total": 1079.909186899979,
                            "count": 63307,
                            "self": 815.663382099975,
                            "children": {
                                "SubprocessEnvManager._take_step": {
                                    "total": 262.3450674999872,
                                    "count": 63307,
                                    "self": 7.468189400005485,
                                    "children": {
                                        "TorchPolicy.evaluate": {
                                            "total": 254.8768780999817,
                                            "count": 63307,
                                            "self": 254.8768780999817
                                        }
                                    }
                                },
                                "workers": {
                                    "total": 1.9007373000167718,
                                    "count": 63306,
                                    "self": 0.0,
                                    "children": {
                                        "worker_root": {
                                            "total": 1012.9981386999998,
                                            "count": 63306,
                                            "is_parallel": true,
                                            "self": 455.3062946001114,
                                            "children": {
                                                "steps_from_proto": {
                                                    "total": 0.00466530000039711,
                                                    "count": 1,
                                                    "is_parallel": true,
                                                    "self": 0.0006808000002820336,
                                                    "children": {
                                                        "_process_rank_one_or_two_observation": {
                                                            "total": 0.0039845000001150765,
                                                            "count": 10,
                                                            "is_parallel": true,
                                                            "self": 0.0039845000001150765
                                                        }
                                                    }
                                                },
                                                "UnityEnvironment.step": {
                                                    "total": 557.687178799888,
                                                    "count": 63306,
                                                    "is_parallel": true,
                                                    "self": 12.014447599710365,